n;candidate_id;status;lat;lon;area_m2;break_date;mass_t;removal_kzt;recyclable_kzt;damage_p50_kzt;penalty_kzt;field_check;map_link;google_maps
1;C00061;опознан по снимку как свалка;51.144402;71.539733;3327;2024-05;1090;16549070;8399832;8302282;432500;нет;https://hakathon-lyart.vercel.app/map.html?object=C00061;https://www.google.com/maps?q=51.144402,71.539733
2;C00082;по снимку не разобрать — нужен выезд;51.18302;71.519468;2500;2019-09;819;12435766;6312037;6238733;432500;нет;https://hakathon-lyart.vercel.app/map.html?object=C00082;https://www.google.com/maps?q=51.183020,71.519468
3;C00098;по снимку не разобрать — нужен выезд;51.192488;71.489537;2101;2022-04;688;10453102;5305694;5244077;432500;нет;https://hakathon-lyart.vercel.app/map.html?object=C00098;https://www.google.com/maps?q=51.192488,71.489537
4;C00125;опознан по снимку как свалка;51.161168;71.548365;1503;2024-09;492;7477171;3795197;3751122;432500;нет;https://hakathon-lyart.vercel.app/map.html?object=C00125;https://www.google.com/maps?q=51.161168,71.548365
5;C00151;по снимку не разобрать — нужен выезд;51.166039;71.518572;1300;2020-08;426;6466599;3282259;3244141;432500;нет;https://hakathon-lyart.vercel.app/map.html?object=C00151;https://www.google.com/maps?q=51.166039,71.518572
6;C00177;по снимку не разобрать — нужен выезд;51.166422;71.519614;1100;2020-08;360;5471737;2777296;2745043;432500;нет;https://hakathon-lyart.vercel.app/map.html?object=C00177;https://www.google.com/maps?q=51.166422,71.519614
7;C00219;по снимку не разобрать — нужен выезд;51.16018;71.54751;800;2024-08;262;3979609;2019935;1996477;432500;нет;https://hakathon-lyart.vercel.app/map.html?object=C00219;https://www.google.com/maps?q=51.160180,71.547510
8;C00221;опознан по снимку как свалка;51.170205;71.548433;800;2019-04;262;3979445;2019852;1996395;432500;нет;https://hakathon-lyart.vercel.app/map.html?object=C00221;https://www.google.com/maps?q=51.170205,71.548433
9;C00225;по снимку не разобрать — нужен выезд;51.162926;71.552255;800;2023-08;262;3979445;2019852;1996395;432500;нет;https://hakathon-lyart.vercel.app/map.html?object=C00225;https://www.google.com/maps?q=51.162926,71.552255
10;C00317;опознан по снимку как свалка;51.161871;71.549847;500;2024-07;164;2487246;1262455;1247793;432500;нет;https://hakathon-lyart.vercel.app/map.html?object=C00317;https://www.google.com/maps?q=51.161871,71.549847
11;C00318;опознан по снимку как свалка;51.247951;71.55703;500;2024-05;164;2487153;1262407;1247747;432500;нет;https://hakathon-lyart.vercel.app/map.html?object=C00318;https://www.google.com/maps?q=51.247951,71.557030
12;C00323;по снимку не разобрать — нужен выезд;51.168059;71.549889;500;2024-06;164;2487153;1262407;1247747;432500;нет;https://hakathon-lyart.vercel.app/map.html?object=C00323;https://www.google.com/maps?q=51.168059,71.549889
13;C00331;опознан по снимку как свалка;51.207078;71.483748;500;2019-07;164;2487153;1262407;1247747;432500;нет;https://hakathon-lyart.vercel.app/map.html?object=C00331;https://www.google.com/maps?q=51.207078,71.483748
14;C00332;опознан по снимку как свалка;51.199445;71.500086;500;2024-06;164;2487153;1262407;1247747;432500;нет;https://hakathon-lyart.vercel.app/map.html?object=C00332;https://www.google.com/maps?q=51.199445,71.500086
15;C00334;по снимку не разобрать — нужен выезд;51.166543;71.610461;500;2021-10;164;2487153;1262407;1247747;432500;нет;https://hakathon-lyart.vercel.app/map.html?object=C00334;https://www.google.com/maps?q=51.166543,71.610461
